,acc,loss
T0,1.0,0.011005536511540412
T1,0.996,0.02097190609946847
T2,1.0,0.0043467831443995235
T3,1.0,0.0003822471824241802
