,acc,loss
T0,0.994,0.041336117178201674
T1,1.0,0.0036109787952154876
T2,1.0,0.0006801011661300435
T3,1.0,5.4075469190138394e-05
